,epoch,client_0_loss,client_0_acc,client_1_loss,client_1_acc,client_2_loss,client_2_acc,client_3_loss,client_3_acc,client_4_loss,client_4_acc,client_5_loss,client_5_acc,client_6_loss,client_6_acc,client_7_loss,client_7_acc,client_8_loss,client_8_acc,client_9_loss,client_9_acc
0,0,2.552208837421461,0.08494971264367816,2.561861145085302,0.08423132183908046,2.5551800371586593,0.08423132183908046,2.5587038774599975,0.08800287356321838,2.5728273802790147,0.08225574712643678,2.55895532958809,0.08638649425287356,2.558575290373002,0.08333333333333333,2.5640225232332603,0.08387212643678162,2.542694213746608,0.09985632183908046,1.9751175313160336,0.28861350574712646
